Feature,Importance Mean,Importance Std
Age,0.03654552176844521,0.027483189399995184
Medication Frequency,0.009620637408080168,0.0034261328605568477
Gender,0.0,0.0
Most Problematic Season,0.0,0.0
Doctor Consulted (Past Year),0.0,0.0
Triggered by External Factors,-0.0009625247347043398,0.01479677477659121
Known Allergy,-0.00153634822906491,0.007018972460885066
Headaches or Facial Pain,-0.0028434604703168054,0.022638923043279538
Sinus Severity (1-5),-0.0032882474802307217,0.012892035626453273
Regular Sinus Issues,-0.015648676231472723,0.013210900495765381
